{"v": "4.8.0", "meta": {"g": "LottieFiles AE ", "a": "", "k": "", "d": "", "tc": ""}, "fr": 25, "ip": 0, "op": 50, "w": 500, "h": 500, "nm": "01 book", "ddd": 0, "assets": [{"id": "comp_0", "layers": [{"ddd": 0, "ind": 1, "ty": 4, "nm": "Page 2 line 3", "sr": 1, "ks": {"o": {"a": 0, "k": 100, "ix": 11}, "r": {"a": 0, "k": 0, "ix": 10}, "p": {"a": 0, "k": [250, 250, 0], "ix": 2}, "a": {"a": 0, "k": [0, 0, 0], "ix": 1}, "s": {"a": 0, "k": [100, 100, 100], "ix": 6}}, "ao": 0, "shapes": [{"ty": "gr", "it": [{"ind": 0, "ty": "sh", "ix": 1, "ks": {"a": 1, "k": [{"i": {"x": 0.833, "y": 0.833}, "o": {"x": 0.41, "y": 0}, "t": 4, "s": [{"i": [[0, 0], [0, 0], [7.48, -7.479], [0, -10.577], [0, 0], [0, 0], [-7.481, 7.486], [-10.579, 0], [0, 0]], "o": [[0, 0], [-10.579, 0], [-7.481, 7.486], [0, 0], [0, 0], [0, -10.577], [7.48, -7.479], [58.204, 0], [0, 0]], "v": [[199.441, -159.553], [39.888, -159.553], [11.683, -147.872], [0, -119.665], [0, 159.553], [0, 146.257], [11.683, 118.05], [39.888, 106.369], [199.441, 106.369]], "c": true}]}, {"i": {"x": 0.59, "y": 1}, "o": {"x": 0.167, "y": 0.167}, "t": 11, "s": [{"i": [[0, 0], [0, 0], [2.948, -7.48], [0, -10.577], [0, 0], [0, 0], [-2.947, 7.485], [-4.168, 0], [0, 0]], "o": [[0, 0], [-4.168, 0], [-2.948, 7.486], [0, 0], [0, 0], [0, -10.577], [2.947, -7.479], [22.933, 0], [0, 0]], "v": [[78.583, -186.55], [15.717, -159.553], [4.603, -147.872], [0, -119.665], [0, 159.553], [0, 146.257], [4.603, 118.05], [15.717, 106.369], [78.583, 133.365]], "c": true}]}, {"t": 19.7900390625, "s": [{"i": [[0, 0], [0, 0], [-7.461, -7.482], [0, -10.577], [0, 0], [0, 0], [7.467, 7.483], [10.556, 0], [0, 0]], "o": [[0, 0], [10.556, 0], [7.465, 7.486], [0, 0], [0, 0], [0, -10.577], [-7.464, -7.479], [-58.075, 0], [0, 0]], "v": [[-199, -159.553], [-39.8, -159.553], [-11.657, -147.872], [0, -119.665], [0, 159.553], [0, 146.257], [-11.657, 118.05], [-39.8, 106.369], [-199, 106.369]], "c": true}]}], "ix": 2}, "nm": "Path 1", "mn": "ADBE Vector Shape - Group", "hd": false}, {"ty": "st", "c": {"a": 0, "k": [0, 0, 0, 1], "ix": 3}, "o": {"a": 0, "k": 100, "ix": 4}, "w": {"a": 0, "k": 16, "ix": 5, "x": "var $bm_rt;\n$bm_rt = comp('01 book').layer('Main Stroke Width Color Ctrl').effect(' Stroke Width')('Slider');"}, "lc": 2, "lj": 2, "bm": 0, "nm": "Stroke 1", "mn": "ADBE Vector Graphic - Stroke", "hd": false}, {"ty": "tr", "p": {"a": 0, "k": [0, 0], "ix": 2}, "a": {"a": 0, "k": [0, 0], "ix": 1}, "s": {"a": 0, "k": [100, 100], "ix": 3}, "r": {"a": 0, "k": 0, "ix": 6}, "o": {"a": 0, "k": 100, "ix": 7}, "sk": {"a": 0, "k": 0, "ix": 4}, "sa": {"a": 0, "k": 0, "ix": 5}, "nm": "Transform"}], "nm": "Group 4", "np": 2, "cix": 2, "bm": 0, "ix": 1, "mn": "ADBE Vector Group", "hd": false}, {"ty": "fl", "c": {"a": 0, "k": [1, 0, 0, 1], "ix": 4}, "o": {"a": 0, "k": 100, "ix": 5}, "r": 1, "bm": 0, "nm": "Fill 1", "mn": "ADBE Vector Graphic - Fill", "hd": false}], "ip": 0, "op": 50, "st": 0, "bm": 0}, {"ddd": 0, "ind": 2, "ty": 4, "nm": "Page 3 line 2", "sr": 1, "ks": {"o": {"a": 0, "k": 100, "ix": 11}, "r": {"a": 0, "k": 0, "ix": 10}, "p": {"a": 0, "k": [250, 250, 0], "ix": 2}, "a": {"a": 0, "k": [0, 0, 0], "ix": 1}, "s": {"a": 0, "k": [100, 100, 100], "ix": 6}}, "ao": 0, "shapes": [{"ty": "gr", "it": [{"ind": 0, "ty": "sh", "ix": 1, "ks": {"a": 1, "k": [{"i": {"x": 0.833, "y": 1}, "o": {"x": 0.41, "y": 0}, "t": 12, "s": [{"i": [[0, 0], [0, 0], [7.48, -7.479], [0, -10.577], [0, 0], [0, 0], [-7.481, 7.486], [-10.579, 0], [0, 0]], "o": [[0, 0], [-10.579, 0], [-7.481, 7.486], [0, 0], [0, 0], [0, -10.577], [7.48, -7.479], [58.204, 0], [0, 0]], "v": [[199.441, -159.553], [39.888, -159.553], [11.683, -147.872], [0, -119.665], [0, 159.553], [0, 146.257], [11.683, 118.05], [39.888, 106.369], [199.441, 106.369]], "c": true}]}, {"i": {"x": 0.833, "y": 0.833}, "o": {"x": 0.41, "y": 0}, "t": 12.064, "s": [{"i": [[0, 0], [0, 0], [7.48, -7.479], [0, -10.577], [0, 0], [0, 0], [-7.481, 7.486], [-10.579, 0], [0, 0]], "o": [[0, 0], [-10.579, 0], [-7.481, 7.486], [0, 0], [0, 0], [0, -10.577], [7.48, -7.479], [58.204, 0], [0, 0]], "v": [[199.441, -159.553], [39.888, -159.553], [11.683, -147.872], [0, -119.665], [0, 159.553], [0, 146.257], [11.683, 118.05], [39.888, 106.369], [199.441, 106.369]], "c": true}]}, {"i": {"x": 0.59, "y": 1}, "o": {"x": 0.167, "y": 0.167}, "t": 20, "s": [{"i": [[0, 0], [0, 0], [2.948, -7.48], [0, -10.577], [0, 0], [0, 0], [-2.947, 7.485], [-4.168, 0], [0, 0]], "o": [[0, 0], [-4.168, 0], [-2.948, 7.486], [0, 0], [0, 0], [0, -10.577], [2.947, -7.479], [22.933, 0], [0, 0]], "v": [[78.583, -186.55], [15.717, -159.553], [4.603, -147.872], [0, -119.665], [0, 159.553], [0, 146.257], [4.603, 118.05], [15.717, 106.369], [78.583, 133.365]], "c": true}]}, {"t": 27.7900390625, "s": [{"i": [[0, 0], [0, 0], [-7.461, -7.482], [0, -10.577], [0, 0], [0, 0], [7.467, 7.483], [10.556, 0], [0, 0]], "o": [[0, 0], [10.556, 0], [7.465, 7.486], [0, 0], [0, 0], [0, -10.577], [-7.464, -7.479], [-58.075, 0], [0, 0]], "v": [[-199, -159.553], [-39.8, -159.553], [-11.657, -147.872], [0, -119.665], [0, 159.553], [0, 146.257], [-11.657, 118.05], [-39.8, 106.369], [-199, 106.369]], "c": true}]}], "ix": 2}, "nm": "Path 1", "mn": "ADBE Vector Shape - Group", "hd": false}, {"ty": "st", "c": {"a": 0, "k": [0, 0, 0, 1], "ix": 3}, "o": {"a": 0, "k": 100, "ix": 4}, "w": {"a": 0, "k": 16, "ix": 5, "x": "var $bm_rt;\n$bm_rt = comp('01 book').layer('Main Stroke Width Color Ctrl').effect(' Stroke Width')('Slider');"}, "lc": 2, "lj": 2, "bm": 0, "nm": "Stroke 1", "mn": "ADBE Vector Graphic - Stroke", "hd": false}, {"ty": "tr", "p": {"a": 0, "k": [0, 0], "ix": 2}, "a": {"a": 0, "k": [0, 0], "ix": 1}, "s": {"a": 0, "k": [100, 100], "ix": 3}, "r": {"a": 0, "k": 0, "ix": 6}, "o": {"a": 0, "k": 100, "ix": 7}, "sk": {"a": 0, "k": 0, "ix": 4}, "sa": {"a": 0, "k": 0, "ix": 5}, "nm": "Transform"}], "nm": "Group 4", "np": 2, "cix": 2, "bm": 0, "ix": 1, "mn": "ADBE Vector Group", "hd": false}, {"ty": "fl", "c": {"a": 0, "k": [1, 0, 0, 1], "ix": 4}, "o": {"a": 0, "k": 100, "ix": 5}, "r": 1, "bm": 0, "nm": "Fill 1", "mn": "ADBE Vector Graphic - Fill", "hd": false}], "ip": 0, "op": 50, "st": 0, "bm": 0}]}], "layers": [{"ddd": 0, "ind": 1, "ty": 3, "nm": "Main Stroke Width Color Ctrl", "parent": 17, "sr": 1, "ks": {"o": {"a": 0, "k": 0, "ix": 11}, "r": {"a": 0, "k": 0, "ix": 10}, "p": {"a": 0, "k": [0, 0, 0], "ix": 2}, "a": {"a": 0, "k": [50, 50, 0], "ix": 1}, "s": {"a": 0, "k": [100, 100, 100], "ix": 6}}, "ao": 0, "ef": [{"ty": 5, "nm": " Stroke Width", "np": 3, "mn": "ADBE Slider Control", "ix": 1, "en": 1, "ef": [{"ty": 0, "nm": "Slider", "mn": "ADBE Slider Control-0001", "ix": 1, "v": {"a": 0, "k": 16, "ix": 1}}]}], "ip": 0, "op": 50, "st": 0, "bm": 0}, {"ddd": 0, "ind": 2, "ty": 3, "nm": "Rot fix", "parent": 1, "sr": 1, "ks": {"o": {"a": 0, "k": 0, "ix": 11}, "r": {"a": 1, "k": [{"i": {"x": [0.52], "y": [1]}, "o": {"x": [0.48], "y": [0]}, "t": 0, "s": [0]}, {"i": {"x": [0.52], "y": [1]}, "o": {"x": [0.48], "y": [0]}, "t": 8.346, "s": [-12.212]}, {"i": {"x": [0.52], "y": [1]}, "o": {"x": [0.48], "y": [0]}, "t": 14.308, "s": [6.436]}, {"i": {"x": [0.52], "y": [1]}, "o": {"x": [0.48], "y": [0]}, "t": 20.27, "s": [-3.131]}, {"i": {"x": [0.52], "y": [1]}, "o": {"x": [0.48], "y": [0]}, "t": 25.038, "s": [1.096]}, {"t": 31, "s": [0]}], "ix": 10}, "p": {"a": 0, "k": [50, 50, 0], "ix": 2}, "a": {"a": 0, "k": [50, 50, 0], "ix": 1}, "s": {"a": 0, "k": [100, 100, 100], "ix": 6}}, "ao": 0, "ip": 0, "op": 50, "st": 0, "bm": 0}, {"ddd": 0, "ind": 3, "ty": 4, "nm": "Page 2 line", "parent": 2, "sr": 1, "ks": {"o": {"a": 0, "k": 100, "ix": 11}, "r": {"a": 0, "k": 0, "ix": 10}, "p": {"a": 0, "k": [50, 50, 0], "ix": 2}, "a": {"a": 0, "k": [0, 0, 0], "ix": 1}, "s": {"a": 0, "k": [100, 100, 100], "ix": 6}}, "ao": 0, "shapes": [{"ty": "gr", "it": [{"ind": 0, "ty": "sh", "ix": 1, "ks": {"a": 1, "k": [{"i": {"x": 0.833, "y": 0.833}, "o": {"x": 0.41, "y": 0}, "t": 4, "s": [{"i": [[0, 0], [0, 0], [7.48, -7.479], [0, -10.577], [0, 0], [0, 0], [-7.481, 7.486], [-10.579, 0], [0, 0]], "o": [[0, 0], [-10.579, 0], [-7.481, 7.486], [0, 0], [0, 0], [0, -10.577], [7.48, -7.479], [58.204, 0], [0, 0]], "v": [[199.441, -159.553], [39.888, -159.553], [11.683, -147.872], [0, -119.665], [0, 159.553], [0, 146.257], [11.683, 118.05], [39.888, 106.369], [199.441, 106.369]], "c": true}]}, {"i": {"x": 0.59, "y": 1}, "o": {"x": 0.167, "y": 0.167}, "t": 11, "s": [{"i": [[0, 0], [0, 0], [2.948, -7.48], [0, -10.577], [0, 0], [0, 0], [-2.947, 7.485], [-4.168, 0], [0, 0]], "o": [[0, 0], [-4.168, 0], [-2.948, 7.486], [0, 0], [0, 0], [0, -10.577], [2.947, -7.479], [22.933, 0], [0, 0]], "v": [[78.583, -186.55], [15.717, -159.553], [4.603, -147.872], [0, -119.665], [0, 159.553], [0, 146.257], [4.603, 118.05], [15.717, 106.369], [78.583, 133.365]], "c": true}]}, {"t": 19.7900390625, "s": [{"i": [[0, 0], [0, 0], [-7.461, -7.482], [0, -10.577], [0, 0], [0, 0], [7.467, 7.483], [10.556, 0], [0, 0]], "o": [[0, 0], [10.556, 0], [7.465, 7.486], [0, 0], [0, 0], [0, -10.577], [-7.464, -7.479], [-58.075, 0], [0, 0]], "v": [[-199, -159.553], [-39.8, -159.553], [-11.657, -147.872], [0, -119.665], [0, 159.553], [0, 146.257], [-11.657, 118.05], [-39.8, 106.369], [-199, 106.369]], "c": true}]}], "ix": 2}, "nm": "Path 1", "mn": "ADBE Vector Shape - Group", "hd": false}, {"ty": "st", "c": {"a": 0, "k": [0, 0, 0, 1], "ix": 3}, "o": {"a": 0, "k": 100, "ix": 4}, "w": {"a": 0, "k": 16, "ix": 5, "x": "var $bm_rt;\n$bm_rt = thisComp.layer('Main Stroke Width Color Ctrl').effect(' Stroke Width')('Slider');"}, "lc": 2, "lj": 2, "bm": 0, "nm": "Stroke 1", "mn": "ADBE Vector Graphic - Stroke", "hd": false}, {"ty": "tr", "p": {"a": 0, "k": [0, 0], "ix": 2}, "a": {"a": 0, "k": [0, 0], "ix": 1}, "s": {"a": 0, "k": [100, 100], "ix": 3}, "r": {"a": 0, "k": 0, "ix": 6}, "o": {"a": 0, "k": 100, "ix": 7}, "sk": {"a": 0, "k": 0, "ix": 4}, "sa": {"a": 0, "k": 0, "ix": 5}, "nm": "Transform"}], "nm": "Group 4", "np": 2, "cix": 2, "bm": 0, "ix": 1, "mn": "ADBE Vector Group", "hd": false}], "ip": 0, "op": 50, "st": 0, "bm": 0}, {"ddd": 0, "ind": 4, "ty": 4, "nm": "Info page 2", "parent": 2, "sr": 1, "ks": {"o": {"a": 0, "k": 100, "ix": 11}, "r": {"a": 0, "k": 0, "ix": 10}, "p": {"a": 0, "k": [50, 50, 0], "ix": 2}, "a": {"a": 0, "k": [0, 0, 0], "ix": 1}, "s": {"a": 0, "k": [100, 100, 100], "ix": 6}}, "ao": 0, "shapes": [{"ty": "gr", "it": [{"ind": 0, "ty": "sh", "ix": 1, "ks": {"a": 1, "k": [{"i": {"x": 0.59, "y": 1}, "o": {"x": 0.41, "y": 0}, "t": 4, "s": [{"i": [[0, 0], [0, 0], [0, 0], [0, 0]], "o": [[0, 0], [0, 0], [0, 0], [0, 0]], "v": [[146.257, -53.184], [53.184, -53.184], [53.184, -106.369], [146.257, -106.369]], "c": true}]}, {"t": 19.7900390625, "s": [{"i": [[0, 0], [0, 0], [0, 0], [0, 0]], "o": [[0, 0], [0, 0], [0, 0], [0, 0]], "v": [[-145.933, -53.184], [-53.067, -53.184], [-53.067, -106.369], [-145.933, -106.369]], "c": true}]}], "ix": 2}, "nm": "Path 1", "mn": "ADBE Vector Shape - Group", "hd": false}, {"ty": "st", "c": {"a": 0, "k": [0.0, 0.0, 0.6, 1], "ix": 3}, "o": {"a": 0, "k": 100, "ix": 4}, "w": {"a": 0, "k": 16, "ix": 5, "x": "var $bm_rt;\n$bm_rt = thisComp.layer('Main Stroke Width Color Ctrl').effect(' Stroke Width')('Slider');"}, "lc": 2, "lj": 2, "bm": 0, "nm": "Stroke 1", "mn": "ADBE Vector Graphic - Stroke", "hd": false}, {"ty": "tr", "p": {"a": 0, "k": [0, 0], "ix": 2}, "a": {"a": 0, "k": [0, 0], "ix": 1}, "s": {"a": 0, "k": [100, 100], "ix": 3}, "r": {"a": 0, "k": 0, "ix": 6}, "o": {"a": 0, "k": 100, "ix": 7}, "sk": {"a": 0, "k": 0, "ix": 4}, "sa": {"a": 0, "k": 0, "ix": 5}, "nm": "Transform"}], "nm": "Group 1", "np": 2, "cix": 2, "bm": 0, "ix": 1, "mn": "ADBE Vector Group", "hd": false}, {"ty": "gr", "it": [{"ind": 0, "ty": "sh", "ix": 1, "ks": {"a": 1, "k": [{"i": {"x": 0.59, "y": 1}, "o": {"x": 0.41, "y": 0}, "t": 4, "s": [{"i": [[0, 0], [0, 0]], "o": [[0, 0], [0, 0]], "v": [[146.257, 53.184], [53.184, 53.184]], "c": false}]}, {"t": 19.7900390625, "s": [{"i": [[0, 0], [0, 0]], "o": [[0, 0], [0, 0]], "v": [[-145.933, 53.184], [-53.067, 53.184]], "c": false}]}], "ix": 2}, "nm": "Path 1", "mn": "ADBE Vector Shape - Group", "hd": false}, {"ty": "st", "c": {"a": 0, "k": [0.0, 0.0, 0.6, 1], "ix": 3}, "o": {"a": 0, "k": 100, "ix": 4}, "w": {"a": 0, "k": 16, "ix": 5, "x": "var $bm_rt;\n$bm_rt = thisComp.layer('Main Stroke Width Color Ctrl').effect(' Stroke Width')('Slider');"}, "lc": 2, "lj": 2, "bm": 0, "nm": "Stroke 1", "mn": "ADBE Vector Graphic - Stroke", "hd": false}, {"ty": "tr", "p": {"a": 0, "k": [0, 0], "ix": 2}, "a": {"a": 0, "k": [0, 0], "ix": 1}, "s": {"a": 0, "k": [100, 100], "ix": 3}, "r": {"a": 0, "k": 0, "ix": 6}, "o": {"a": 0, "k": 100, "ix": 7}, "sk": {"a": 0, "k": 0, "ix": 4}, "sa": {"a": 0, "k": 0, "ix": 5}, "nm": "Transform"}], "nm": "Group 2", "np": 2, "cix": 2, "bm": 0, "ix": 2, "mn": "ADBE Vector Group", "hd": false}, {"ty": "gr", "it": [{"ind": 0, "ty": "sh", "ix": 1, "ks": {"a": 1, "k": [{"i": {"x": 0.59, "y": 1}, "o": {"x": 0.41, "y": 0}, "t": 4, "s": [{"i": [[0, 0], [0, 0]], "o": [[0, 0], [0, 0]], "v": [[146.257, 0], [53.184, 0]], "c": false}]}, {"t": 19.7900390625, "s": [{"i": [[0, 0], [0, 0]], "o": [[0, 0], [0, 0]], "v": [[-145.933, 0], [-53.067, 0]], "c": false}]}], "ix": 2}, "nm": "Path 1", "mn": "ADBE Vector Shape - Group", "hd": false}, {"ty": "st", "c": {"a": 0, "k": [0, 0, 0, 1], "ix": 3}, "o": {"a": 0, "k": 100, "ix": 4}, "w": {"a": 0, "k": 16, "ix": 5, "x": "var $bm_rt;\n$bm_rt = thisComp.layer('Main Stroke Width Color Ctrl').effect(' Stroke Width')('Slider');"}, "lc": 2, "lj": 2, "bm": 0, "nm": "Stroke 1", "mn": "ADBE Vector Graphic - Stroke", "hd": false}, {"ty": "tr", "p": {"a": 0, "k": [0, 0], "ix": 2}, "a": {"a": 0, "k": [0, 0], "ix": 1}, "s": {"a": 0, "k": [100, 100], "ix": 3}, "r": {"a": 0, "k": 0, "ix": 6}, "o": {"a": 0, "k": 100, "ix": 7}, "sk": {"a": 0, "k": 0, "ix": 4}, "sa": {"a": 0, "k": 0, "ix": 5}, "nm": "Transform"}], "nm": "Group 3", "np": 2, "cix": 2, "bm": 0, "ix": 3, "mn": "ADBE Vector Group", "hd": false}], "ip": 0, "op": 12, "st": 0, "bm": 0}, {"ddd": 0, "ind": 5, "ty": 4, "nm": "Page 2 mask 2", "parent": 2, "td": 1, "sr": 1, "ks": {"o": {"a": 0, "k": 100, "ix": 11}, "r": {"a": 0, "k": 0, "ix": 10}, "p": {"a": 0, "k": [50, 50, 0], "ix": 2}, "a": {"a": 0, "k": [0, 0, 0], "ix": 1}, "s": {"a": 0, "k": [100, 100, 100], "ix": 6}}, "ao": 0, "shapes": [{"ty": "gr", "it": [{"ind": 0, "ty": "sh", "ix": 1, "ks": {"a": 1, "k": [{"i": {"x": 0.833, "y": 0.833}, "o": {"x": 0.41, "y": 0}, "t": 4, "s": [{"i": [[0, 0], [0, 0], [7.48, -7.479], [0, -10.577], [0, 0], [0, 0], [-7.481, 7.486], [-10.579, 0], [0, 0]], "o": [[0, 0], [-10.579, 0], [-7.481, 7.486], [0, 0], [0, 0], [0, -10.577], [7.48, -7.479], [58.204, 0], [0, 0]], "v": [[199.441, -159.553], [39.888, -159.553], [11.683, -147.872], [0, -119.665], [0, 159.553], [0, 146.257], [11.683, 118.05], [39.888, 106.369], [199.441, 106.369]], "c": true}]}, {"i": {"x": 0.59, "y": 1}, "o": {"x": 0.167, "y": 0.167}, "t": 11, "s": [{"i": [[0, 0], [0, 0], [2.948, -7.48], [0, -10.577], [0, 0], [0, 0], [-2.947, 7.485], [-4.168, 0], [0, 0]], "o": [[0, 0], [-4.168, 0], [-2.948, 7.486], [0, 0], [0, 0], [0, -10.577], [2.947, -7.479], [22.933, 0], [0, 0]], "v": [[78.583, -186.55], [15.717, -159.553], [4.603, -147.872], [0, -119.665], [0, 159.553], [0, 146.257], [4.603, 118.05], [15.717, 106.369], [78.583, 133.365]], "c": true}]}, {"t": 19.7900390625, "s": [{"i": [[0, 0], [0, 0], [-7.461, -7.482], [0, -10.577], [0, 0], [0, 0], [7.467, 7.483], [10.556, 0], [0, 0]], "o": [[0, 0], [10.556, 0], [7.465, 7.486], [0, 0], [0, 0], [0, -10.577], [-7.464, -7.479], [-58.075, 0], [0, 0]], "v": [[-199, -159.553], [-39.8, -159.553], [-11.657, -147.872], [0, -119.665], [0, 159.553], [0, 146.257], [-11.657, 118.05], [-39.8, 106.369], [-199, 106.369]], "c": true}]}], "ix": 2}, "nm": "Path 1", "mn": "ADBE Vector Shape - Group", "hd": false}, {"ty": "st", "c": {"a": 0, "k": [0, 0, 0, 1], "ix": 3}, "o": {"a": 0, "k": 100, "ix": 4}, "w": {"a": 0, "k": 16, "ix": 5, "x": "var $bm_rt;\n$bm_rt = thisComp.layer('Main Stroke Width Color Ctrl').effect(' Stroke Width')('Slider');"}, "lc": 2, "lj": 2, "bm": 0, "nm": "Stroke 1", "mn": "ADBE Vector Graphic - Stroke", "hd": false}, {"ty": "tr", "p": {"a": 0, "k": [0, 0], "ix": 2}, "a": {"a": 0, "k": [0, 0], "ix": 1}, "s": {"a": 0, "k": [100, 100], "ix": 3}, "r": {"a": 0, "k": 0, "ix": 6}, "o": {"a": 0, "k": 100, "ix": 7}, "sk": {"a": 0, "k": 0, "ix": 4}, "sa": {"a": 0, "k": 0, "ix": 5}, "nm": "Transform"}], "nm": "Group 4", "np": 2, "cix": 2, "bm": 0, "ix": 1, "mn": "ADBE Vector Group", "hd": false}, {"ty": "fl", "c": {"a": 0, "k": [1, 0, 0, 1], "ix": 4}, "o": {"a": 0, "k": 100, "ix": 5}, "r": 1, "bm": 0, "nm": "Fill 1", "mn": "ADBE Vector Graphic - Fill", "hd": false}], "ip": 0, "op": 50, "st": 0, "bm": 0}, {"ddd": 0, "ind": 6, "ty": 4, "nm": "Page 3 info", "parent": 2, "tt": 2, "sr": 1, "ks": {"o": {"a": 0, "k": 100, "ix": 11}, "r": {"a": 0, "k": 0, "ix": 10}, "p": {"a": 0, "k": [50, 50, 0], "ix": 2}, "a": {"a": 0, "k": [0, 0, 0], "ix": 1}, "s": {"a": 0, "k": [100, 100, 100], "ix": 6}}, "ao": 0, "shapes": [{"ty": "gr", "it": [{"ind": 0, "ty": "sh", "ix": 1, "ks": {"a": 1, "k": [{"i": {"x": 0.833, "y": 0.833}, "o": {"x": 0.41, "y": 0}, "t": 12, "s": [{"i": [[0, 0], [0, 0], [0, 0], [0, 0]], "o": [[0, 0], [0, 0], [0, 0], [0, 0]], "v": [[146.257, -53.184], [53.184, -53.184], [53.184, -106.369], [146.257, -106.369]], "c": true}]}, {"i": {"x": 0.59, "y": 1}, "o": {"x": 0.167, "y": 0.167}, "t": 21, "s": [{"i": [[0, 0], [0, 0], [0, 0], [0, 0]], "o": [[0, 0], [0, 0], [0, 0], [0, 0]], "v": [[8.799, -54.013], [9.01, -53.184], [9.01, -106.369], [8.799, -107.197]], "c": true}]}, {"t": 32, "s": [{"i": [[0, 0], [0, 0], [0, 0], [0, 0]], "o": [[0, 0], [0, 0], [0, 0], [0, 0]], "v": [[-145.933, -53.184], [-53.067, -53.184], [-53.067, -106.369], [-145.933, -106.369]], "c": true}]}], "ix": 2}, "nm": "Path 1", "mn": "ADBE Vector Shape - Group", "hd": false}, {"ty": "st", "c": {"a": 0, "k": [0, 0, 0, 1], "ix": 3}, "o": {"a": 0, "k": 100, "ix": 4}, "w": {"a": 0, "k": 16, "ix": 5, "x": "var $bm_rt;\n$bm_rt = thisComp.layer('Main Stroke Width Color Ctrl').effect(' Stroke Width')('Slider');"}, "lc": 2, "lj": 2, "bm": 0, "nm": "Stroke 1", "mn": "ADBE Vector Graphic - Stroke", "hd": false}, {"ty": "tr", "p": {"a": 0, "k": [0, 0], "ix": 2}, "a": {"a": 0, "k": [0, 0], "ix": 1}, "s": {"a": 0, "k": [100, 100], "ix": 3}, "r": {"a": 0, "k": 0, "ix": 6}, "o": {"a": 0, "k": 100, "ix": 7}, "sk": {"a": 0, "k": 0, "ix": 4}, "sa": {"a": 0, "k": 0, "ix": 5}, "nm": "Transform"}], "nm": "Group 1", "np": 2, "cix": 2, "bm": 0, "ix": 1, "mn": "ADBE Vector Group", "hd": false}, {"ty": "gr", "it": [{"ind": 0, "ty": "sh", "ix": 1, "ks": {"a": 1, "k": [{"i": {"x": 0.833, "y": 0.833}, "o": {"x": 0.41, "y": 0}, "t": 12.064, "s": [{"i": [[0, 0], [0, 0]], "o": [[0, 0], [0, 0]], "v": [[146.257, 53.184], [53.184, 53.184]], "c": false}]}, {"i": {"x": 0.59, "y": 1}, "o": {"x": 0.167, "y": 0.167}, "t": 21, "s": [{"i": [[0, 0], [0, 0]], "o": [[0, 0], [0, 0]], "v": [[12.146, 52.77], [9.325, 53.184]], "c": false}]}, {"t": 32, "s": [{"i": [[0, 0], [0, 0]], "o": [[0, 0], [0, 0]], "v": [[-145.933, 53.184], [-53.067, 53.184]], "c": false}]}], "ix": 2}, "nm": "Path 1", "mn": "ADBE Vector Shape - Group", "hd": false}, {"ty": "st", "c": {"a": 0, "k": [0.0, 0.0, 0.6, 1], "ix": 3}, "o": {"a": 0, "k": 100, "ix": 4}, "w": {"a": 0, "k": 16, "ix": 5, "x": "var $bm_rt;\n$bm_rt = thisComp.layer('Main Stroke Width Color Ctrl').effect(' Stroke Width')('Slider');"}, "lc": 2, "lj": 2, "bm": 0, "nm": "Stroke 1", "mn": "ADBE Vector Graphic - Stroke", "hd": false}, {"ty": "tr", "p": {"a": 0, "k": [0, 0], "ix": 2}, "a": {"a": 0, "k": [0, 0], "ix": 1}, "s": {"a": 0, "k": [100, 100], "ix": 3}, "r": {"a": 0, "k": 0, "ix": 6}, "o": {"a": 0, "k": 100, "ix": 7}, "sk": {"a": 0, "k": 0, "ix": 4}, "sa": {"a": 0, "k": 0, "ix": 5}, "nm": "Transform"}], "nm": "Group 2", "np": 2, "cix": 2, "bm": 0, "ix": 2, "mn": "ADBE Vector Group", "hd": false}, {"ty": "gr", "it": [{"ind": 0, "ty": "sh", "ix": 1, "ks": {"a": 1, "k": [{"i": {"x": 0.833, "y": 0.833}, "o": {"x": 0.41, "y": 0}, "t": 12.064, "s": [{"i": [[0, 0], [0, 0]], "o": [[0, 0], [0, 0]], "v": [[146.257, 0], [53.184, 0]], "c": false}]}, {"i": {"x": 0.59, "y": 1}, "o": {"x": 0.167, "y": 0.167}, "t": 21, "s": [{"i": [[0, 0], [0, 0]], "o": [[0, 0], [0, 0]], "v": [[14.132, -0.096], [9.325, 0]], "c": false}]}, {"t": 32, "s": [{"i": [[0, 0], [0, 0]], "o": [[0, 0], [0, 0]], "v": [[-145.933, 0], [-53.067, 0]], "c": false}]}], "ix": 2}, "nm": "Path 1", "mn": "ADBE Vector Shape - Group", "hd": false}, {"ty": "st", "c": {"a": 0, "k": [0, 0, 0, 1], "ix": 3}, "o": {"a": 0, "k": 100, "ix": 4}, "w": {"a": 0, "k": 16, "ix": 5, "x": "var $bm_rt;\n$bm_rt = thisComp.layer('Main Stroke Width Color Ctrl').effect(' Stroke Width')('Slider');"}, "lc": 2, "lj": 2, "bm": 0, "nm": "Stroke 1", "mn": "ADBE Vector Graphic - Stroke", "hd": false}, {"ty": "tr", "p": {"a": 0, "k": [0, 0], "ix": 2}, "a": {"a": 0, "k": [0, 0], "ix": 1}, "s": {"a": 0, "k": [100, 100], "ix": 3}, "r": {"a": 0, "k": 0, "ix": 6}, "o": {"a": 0, "k": 100, "ix": 7}, "sk": {"a": 0, "k": 0, "ix": 4}, "sa": {"a": 0, "k": 0, "ix": 5}, "nm": "Transform"}], "nm": "Group 3", "np": 2, "cix": 2, "bm": 0, "ix": 3, "mn": "ADBE Vector Group", "hd": false}], "ip": 2, "op": 22, "st": 10, "bm": 0}, {"ddd": 0, "ind": 7, "ty": 4, "nm": "Page 2 line 2", "parent": 2, "td": 1, "sr": 1, "ks": {"o": {"a": 0, "k": 100, "ix": 11}, "r": {"a": 0, "k": 0, "ix": 10}, "p": {"a": 0, "k": [50, 50, 0], "ix": 2}, "a": {"a": 0, "k": [0, 0, 0], "ix": 1}, "s": {"a": 0, "k": [100, 100, 100], "ix": 6}}, "ao": 0, "shapes": [{"ty": "gr", "it": [{"ind": 0, "ty": "sh", "ix": 1, "ks": {"a": 1, "k": [{"i": {"x": 0.833, "y": 0.833}, "o": {"x": 0.41, "y": 0}, "t": 4, "s": [{"i": [[0, 0], [0, 0], [7.48, -7.479], [0, -10.577], [0, 0], [0, 0], [-7.481, 7.486], [-10.579, 0], [0, 0]], "o": [[0, 0], [-10.579, 0], [-7.481, 7.486], [0, 0], [0, 0], [0, -10.577], [7.48, -7.479], [58.204, 0], [0, 0]], "v": [[199.441, -159.553], [39.888, -159.553], [11.683, -147.872], [0, -119.665], [0, 159.553], [0, 146.257], [11.683, 118.05], [39.888, 106.369], [199.441, 106.369]], "c": true}]}, {"i": {"x": 0.59, "y": 1}, "o": {"x": 0.167, "y": 0.167}, "t": 11, "s": [{"i": [[0, 0], [0, 0], [2.948, -7.48], [0, -10.577], [0, 0], [0, 0], [-2.947, 7.485], [-4.168, 0], [0, 0]], "o": [[0, 0], [-4.168, 0], [-2.948, 7.486], [0, 0], [0, 0], [0, -10.577], [2.947, -7.479], [22.933, 0], [0, 0]], "v": [[78.583, -186.55], [15.717, -159.553], [4.603, -147.872], [0, -119.665], [0, 159.553], [0, 146.257], [4.603, 118.05], [15.717, 106.369], [78.583, 133.365]], "c": true}]}, {"t": 19.7900390625, "s": [{"i": [[0, 0], [0, 0], [-7.461, -7.482], [0, -10.577], [0, 0], [0, 0], [7.467, 7.483], [10.556, 0], [0, 0]], "o": [[0, 0], [10.556, 0], [7.465, 7.486], [0, 0], [0, 0], [0, -10.577], [-7.464, -7.479], [-58.075, 0], [0, 0]], "v": [[-199, -159.553], [-39.8, -159.553], [-11.657, -147.872], [0, -119.665], [0, 159.553], [0, 146.257], [-11.657, 118.05], [-39.8, 106.369], [-199, 106.369]], "c": true}]}], "ix": 2}, "nm": "Path 1", "mn": "ADBE Vector Shape - Group", "hd": false}, {"ty": "st", "c": {"a": 0, "k": [0, 0, 0, 1], "ix": 3}, "o": {"a": 0, "k": 100, "ix": 4}, "w": {"a": 0, "k": 16, "ix": 5, "x": "var $bm_rt;\n$bm_rt = thisComp.layer('Main Stroke Width Color Ctrl').effect(' Stroke Width')('Slider');"}, "lc": 2, "lj": 2, "bm": 0, "nm": "Stroke 1", "mn": "ADBE Vector Graphic - Stroke", "hd": false}, {"ty": "tr", "p": {"a": 0, "k": [0, 0], "ix": 2}, "a": {"a": 0, "k": [0, 0], "ix": 1}, "s": {"a": 0, "k": [100, 100], "ix": 3}, "r": {"a": 0, "k": 0, "ix": 6}, "o": {"a": 0, "k": 100, "ix": 7}, "sk": {"a": 0, "k": 0, "ix": 4}, "sa": {"a": 0, "k": 0, "ix": 5}, "nm": "Transform"}], "nm": "Group 4", "np": 2, "cix": 2, "bm": 0, "ix": 1, "mn": "ADBE Vector Group", "hd": false}, {"ty": "fl", "c": {"a": 0, "k": [1, 0, 0, 1], "ix": 4}, "o": {"a": 0, "k": 100, "ix": 5}, "r": 1, "bm": 0, "nm": "Fill 1", "mn": "ADBE Vector Graphic - Fill", "hd": false}], "ip": 0, "op": 20, "st": 0, "bm": 0}, {"ddd": 0, "ind": 8, "ty": 4, "nm": "Page 3 line", "parent": 2, "tt": 2, "sr": 1, "ks": {"o": {"a": 0, "k": 100, "ix": 11}, "r": {"a": 0, "k": 0, "ix": 10}, "p": {"a": 0, "k": [50, 50, 0], "ix": 2}, "a": {"a": 0, "k": [0, 0, 0], "ix": 1}, "s": {"a": 0, "k": [100, 100, 100], "ix": 6}}, "ao": 0, "shapes": [{"ty": "gr", "it": [{"ind": 0, "ty": "sh", "ix": 1, "ks": {"a": 1, "k": [{"i": {"x": 0.833, "y": 1}, "o": {"x": 0.41, "y": 0}, "t": 12, "s": [{"i": [[0, 0], [0, 0], [7.48, -7.479], [0, -10.577], [0, 0], [0, 0], [-7.481, 7.486], [-10.579, 0], [0, 0]], "o": [[0, 0], [-10.579, 0], [-7.481, 7.486], [0, 0], [0, 0], [0, -10.577], [7.48, -7.479], [58.204, 0], [0, 0]], "v": [[199.441, -159.553], [39.888, -159.553], [11.683, -147.872], [0, -119.665], [0, 159.553], [0, 146.257], [11.683, 118.05], [39.888, 106.369], [199.441, 106.369]], "c": true}]}, {"i": {"x": 0.833, "y": 0.833}, "o": {"x": 0.41, "y": 0}, "t": 12.064, "s": [{"i": [[0, 0], [0, 0], [7.48, -7.479], [0, -10.577], [0, 0], [0, 0], [-7.481, 7.486], [-10.579, 0], [0, 0]], "o": [[0, 0], [-10.579, 0], [-7.481, 7.486], [0, 0], [0, 0], [0, -10.577], [7.48, -7.479], [58.204, 0], [0, 0]], "v": [[199.441, -159.553], [39.888, -159.553], [11.683, -147.872], [0, -119.665], [0, 159.553], [0, 146.257], [11.683, 118.05], [39.888, 106.369], [199.441, 106.369]], "c": true}]}, {"i": {"x": 0.59, "y": 1}, "o": {"x": 0.167, "y": 0.167}, "t": 20, "s": [{"i": [[0, 0], [0, 0], [2.948, -7.48], [0, -10.577], [0, 0], [0, 0], [-2.947, 7.485], [-4.168, 0], [0, 0]], "o": [[0, 0], [-4.168, 0], [-2.948, 7.486], [0, 0], [0, 0], [0, -10.577], [2.947, -7.479], [22.933, 0], [0, 0]], "v": [[78.583, -186.55], [15.717, -159.553], [4.603, -147.872], [0, -119.665], [0, 159.553], [0, 146.257], [4.603, 118.05], [15.717, 106.369], [78.583, 133.365]], "c": true}]}, {"t": 27.7900390625, "s": [{"i": [[0, 0], [0, 0], [-7.461, -7.482], [0, -10.577], [0, 0], [0, 0], [7.467, 7.483], [10.556, 0], [0, 0]], "o": [[0, 0], [10.556, 0], [7.465, 7.486], [0, 0], [0, 0], [0, -10.577], [-7.464, -7.479], [-58.075, 0], [0, 0]], "v": [[-199, -159.553], [-39.8, -159.553], [-11.657, -147.872], [0, -119.665], [0, 159.553], [0, 146.257], [-11.657, 118.05], [-39.8, 106.369], [-199, 106.369]], "c": true}]}], "ix": 2}, "nm": "Path 1", "mn": "ADBE Vector Shape - Group", "hd": false}, {"ty": "st", "c": {"a": 0, "k": [0, 0, 0, 1], "ix": 3}, "o": {"a": 0, "k": 100, "ix": 4}, "w": {"a": 0, "k": 16, "ix": 5, "x": "var $bm_rt;\n$bm_rt = thisComp.layer('Main Stroke Width Color Ctrl').effect(' Stroke Width')('Slider');"}, "lc": 2, "lj": 2, "bm": 0, "nm": "Stroke 1", "mn": "ADBE Vector Graphic - Stroke", "hd": false}, {"ty": "tr", "p": {"a": 0, "k": [0, 0], "ix": 2}, "a": {"a": 0, "k": [0, 0], "ix": 1}, "s": {"a": 0, "k": [100, 100], "ix": 3}, "r": {"a": 0, "k": 0, "ix": 6}, "o": {"a": 0, "k": 100, "ix": 7}, "sk": {"a": 0, "k": 0, "ix": 4}, "sa": {"a": 0, "k": 0, "ix": 5}, "nm": "Transform"}], "nm": "Group 4", "np": 2, "cix": 2, "bm": 0, "ix": 1, "mn": "ADBE Vector Group", "hd": false}], "ip": 0, "op": 50, "st": 0, "bm": 0}, {"ddd": 0, "ind": 9, "ty": 4, "nm": "Page 2 mask 3", "parent": 2, "td": 1, "sr": 1, "ks": {"o": {"a": 0, "k": 100, "ix": 11}, "r": {"a": 0, "k": 0, "ix": 10}, "p": {"a": 0, "k": [50, 50, 0], "ix": 2}, "a": {"a": 0, "k": [0, 0, 0], "ix": 1}, "s": {"a": 0, "k": [100, 100, 100], "ix": 6}}, "ao": 0, "shapes": [{"ty": "gr", "it": [{"ind": 0, "ty": "sh", "ix": 1, "ks": {"a": 1, "k": [{"i": {"x": 0.833, "y": 0.833}, "o": {"x": 0.41, "y": 0}, "t": 4, "s": [{"i": [[0, 0], [0, 0], [7.48, -7.479], [0, -10.577], [0, 0], [0, 0], [-7.481, 7.486], [-10.579, 0], [0, 0]], "o": [[0, 0], [-10.579, 0], [-7.481, 7.486], [0, 0], [0, 0], [0, -10.577], [7.48, -7.479], [58.204, 0], [0, 0]], "v": [[199.441, -159.553], [39.888, -159.553], [11.683, -147.872], [0, -119.665], [0, 159.553], [0, 146.257], [11.683, 118.05], [39.888, 106.369], [199.441, 106.369]], "c": true}]}, {"i": {"x": 0.59, "y": 1}, "o": {"x": 0.167, "y": 0.167}, "t": 11, "s": [{"i": [[0, 0], [0, 0], [2.948, -7.48], [0, -10.577], [0, 0], [0, 0], [-2.947, 7.485], [-4.168, 0], [0, 0]], "o": [[0, 0], [-4.168, 0], [-2.948, 7.486], [0, 0], [0, 0], [0, -10.577], [2.947, -7.479], [22.933, 0], [0, 0]], "v": [[78.583, -186.55], [15.717, -159.553], [4.603, -147.872], [0, -119.665], [0, 159.553], [0, 146.257], [4.603, 118.05], [15.717, 106.369], [78.583, 133.365]], "c": true}]}, {"t": 19.7900390625, "s": [{"i": [[0, 0], [0, 0], [-7.461, -7.482], [0, -10.577], [0, 0], [0, 0], [7.467, 7.483], [10.556, 0], [0, 0]], "o": [[0, 0], [10.556, 0], [7.465, 7.486], [0, 0], [0, 0], [0, -10.577], [-7.464, -7.479], [-58.075, 0], [0, 0]], "v": [[-199, -159.553], [-39.8, -159.553], [-11.657, -147.872], [0, -119.665], [0, 159.553], [0, 146.257], [-11.657, 118.05], [-39.8, 106.369], [-199, 106.369]], "c": true}]}], "ix": 2}, "nm": "Path 1", "mn": "ADBE Vector Shape - Group", "hd": false}, {"ty": "st", "c": {"a": 0, "k": [0, 0, 0, 1], "ix": 3}, "o": {"a": 0, "k": 100, "ix": 4}, "w": {"a": 0, "k": 16, "ix": 5, "x": "var $bm_rt;\n$bm_rt = thisComp.layer('Main Stroke Width Color Ctrl').effect(' Stroke Width')('Slider');"}, "lc": 2, "lj": 2, "bm": 0, "nm": "Stroke 1", "mn": "ADBE Vector Graphic - Stroke", "hd": false}, {"ty": "tr", "p": {"a": 0, "k": [0, 0], "ix": 2}, "a": {"a": 0, "k": [0, 0], "ix": 1}, "s": {"a": 0, "k": [100, 100], "ix": 3}, "r": {"a": 0, "k": 0, "ix": 6}, "o": {"a": 0, "k": 100, "ix": 7}, "sk": {"a": 0, "k": 0, "ix": 4}, "sa": {"a": 0, "k": 0, "ix": 5}, "nm": "Transform"}], "nm": "Group 4", "np": 2, "cix": 2, "bm": 0, "ix": 1, "mn": "ADBE Vector Group", "hd": false}, {"ty": "fl", "c": {"a": 0, "k": [1, 0, 0, 1], "ix": 4}, "o": {"a": 0, "k": 100, "ix": 5}, "r": 1, "bm": 0, "nm": "Fill 1", "mn": "ADBE Vector Graphic - Fill", "hd": false}], "ip": 0, "op": 50, "st": 0, "bm": 0}, {"ddd": 0, "ind": 10, "ty": 4, "nm": "Page 1 ", "parent": 2, "tt": 2, "sr": 1, "ks": {"o": {"a": 0, "k": 100, "ix": 11}, "r": {"a": 0, "k": 0, "ix": 10}, "p": {"a": 0, "k": [50, 50, 0], "ix": 2}, "a": {"a": 0, "k": [0, 0, 0], "ix": 1}, "s": {"a": 0, "k": [100, 100, 100], "ix": 6}}, "ao": 0, "shapes": [{"ty": "gr", "it": [{"ind": 0, "ty": "sh", "ix": 1, "ks": {"a": 0, "k": {"i": [[0, 0], [0, 0], [0, 0], [0, 0]], "o": [[0, 0], [0, 0], [0, 0], [0, 0]], "v": [[-53.184, -53.184], [-146.257, -53.184], [-146.257, -106.369], [-53.184, -106.369]], "c": true}, "ix": 2}, "nm": "Path 1", "mn": "ADBE Vector Shape - Group", "hd": false}, {"ty": "st", "c": {"a": 0, "k": [0, 0, 0, 1], "ix": 3}, "o": {"a": 0, "k": 100, "ix": 4}, "w": {"a": 0, "k": 16, "ix": 5, "x": "var $bm_rt;\n$bm_rt = thisComp.layer('Main Stroke Width Color Ctrl').effect(' Stroke Width')('Slider');"}, "lc": 2, "lj": 2, "bm": 0, "nm": "Stroke 1", "mn": "ADBE Vector Graphic - Stroke", "hd": false}, {"ty": "tr", "p": {"a": 0, "k": [0, 0], "ix": 2}, "a": {"a": 0, "k": [0, 0], "ix": 1}, "s": {"a": 0, "k": [100, 100], "ix": 3}, "r": {"a": 0, "k": 0, "ix": 6}, "o": {"a": 0, "k": 100, "ix": 7}, "sk": {"a": 0, "k": 0, "ix": 4}, "sa": {"a": 0, "k": 0, "ix": 5}, "nm": "Transform"}], "nm": "Group 1", "np": 2, "cix": 2, "bm": 0, "ix": 1, "mn": "ADBE Vector Group", "hd": false}, {"ty": "gr", "it": [{"ind": 0, "ty": "sh", "ix": 1, "ks": {"a": 0, "k": {"i": [[0, 0], [0, 0]], "o": [[0, 0], [0, 0]], "v": [[-146.257, 53.184], [-53.184, 53.184]], "c": false}, "ix": 2}, "nm": "Path 1", "mn": "ADBE Vector Shape - Group", "hd": false}, {"ty": "st", "c": {"a": 0, "k": [0, 0, 0, 1], "ix": 3}, "o": {"a": 0, "k": 100, "ix": 4}, "w": {"a": 0, "k": 16, "ix": 5, "x": "var $bm_rt;\n$bm_rt = thisComp.layer('Main Stroke Width Color Ctrl').effect(' Stroke Width')('Slider');"}, "lc": 2, "lj": 2, "bm": 0, "nm": "Stroke 1", "mn": "ADBE Vector Graphic - Stroke", "hd": false}, {"ty": "tr", "p": {"a": 0, "k": [0, 0], "ix": 2}, "a": {"a": 0, "k": [0, 0], "ix": 1}, "s": {"a": 0, "k": [100, 100], "ix": 3}, "r": {"a": 0, "k": 0, "ix": 6}, "o": {"a": 0, "k": 100, "ix": 7}, "sk": {"a": 0, "k": 0, "ix": 4}, "sa": {"a": 0, "k": 0, "ix": 5}, "nm": "Transform"}], "nm": "Group 2", "np": 2, "cix": 2, "bm": 0, "ix": 2, "mn": "ADBE Vector Group", "hd": false}, {"ty": "gr", "it": [{"ind": 0, "ty": "sh", "ix": 1, "ks": {"a": 0, "k": {"i": [[0, 0], [0, 0]], "o": [[0, 0], [0, 0]], "v": [[-146.257, 0], [-53.184, 0]], "c": false}, "ix": 2}, "nm": "Path 1", "mn": "ADBE Vector Shape - Group", "hd": false}, {"ty": "st", "c": {"a": 0, "k": [0.0, 0.0, 0.6, 1], "ix": 3}, "o": {"a": 0, "k": 100, "ix": 4}, "w": {"a": 0, "k": 16, "ix": 5, "x": "var $bm_rt;\n$bm_rt = thisComp.layer('Main Stroke Width Color Ctrl').effect(' Stroke Width')('Slider');"}, "lc": 2, "lj": 2, "bm": 0, "nm": "Stroke 1", "mn": "ADBE Vector Graphic - Stroke", "hd": false}, {"ty": "tr", "p": {"a": 0, "k": [0, 0], "ix": 2}, "a": {"a": 0, "k": [0, 0], "ix": 1}, "s": {"a": 0, "k": [100, 100], "ix": 3}, "r": {"a": 0, "k": 0, "ix": 6}, "o": {"a": 0, "k": 100, "ix": 7}, "sk": {"a": 0, "k": 0, "ix": 4}, "sa": {"a": 0, "k": 0, "ix": 5}, "nm": "Transform"}], "nm": "Group 3", "np": 2, "cix": 2, "bm": 0, "ix": 3, "mn": "ADBE Vector Group", "hd": false}, {"ty": "gr", "it": [{"ind": 0, "ty": "sh", "ix": 1, "ks": {"a": 0, "k": {"i": [[0, 0], [0, 0], [-7.48, -7.479], [0, -10.577], [0, 0], [0, 0], [7.481, 7.486], [10.579, 0], [0, 0]], "o": [[0, 0], [10.579, 0], [7.481, 7.486], [0, 0], [0, 0], [0, -10.577], [-7.48, -7.479], [-58.204, 0], [0, 0]], "v": [[-199.441, -159.553], [-39.888, -159.553], [-11.683, -147.872], [0, -119.665], [0, 159.553], [0, 146.257], [-11.683, 118.05], [-39.888, 106.369], [-199.441, 106.369]], "c": true}, "ix": 2}, "nm": "Path 1", "mn": "ADBE Vector Shape - Group", "hd": false}, {"ty": "st", "c": {"a": 0, "k": [0, 0, 0, 1], "ix": 3}, "o": {"a": 0, "k": 100, "ix": 4}, "w": {"a": 0, "k": 16, "ix": 5, "x": "var $bm_rt;\n$bm_rt = thisComp.layer('Main Stroke Width Color Ctrl').effect(' Stroke Width')('Slider');"}, "lc": 2, "lj": 2, "bm": 0, "nm": "Stroke 1", "mn": "ADBE Vector Graphic - Stroke", "hd": false}, {"ty": "tr", "p": {"a": 0, "k": [0, 0], "ix": 2}, "a": {"a": 0, "k": [0, 0], "ix": 1}, "s": {"a": 0, "k": [100, 100], "ix": 3}, "r": {"a": 0, "k": 0, "ix": 6}, "o": {"a": 0, "k": 100, "ix": 7}, "sk": {"a": 0, "k": 0, "ix": 4}, "sa": {"a": 0, "k": 0, "ix": 5}, "nm": "Transform"}], "nm": "Group 4", "np": 2, "cix": 2, "bm": 0, "ix": 4, "mn": "ADBE Vector Group", "hd": false}], "ip": 0, "op": 50, "st": 0, "bm": 0}, {"ddd": 0, "ind": 11, "ty": 0, "nm": "pages mask", "parent": 2, "td": 1, "refId": "comp_0", "sr": 1, "ks": {"o": {"a": 0, "k": 100, "ix": 11}, "r": {"a": 0, "k": 0, "ix": 10}, "p": {"a": 0, "k": [50, 50, 0], "ix": 2}, "a": {"a": 0, "k": [250, 250, 0], "ix": 1}, "s": {"a": 0, "k": [100, 100, 100], "ix": 6}}, "ao": 0, "w": 500, "h": 500, "ip": 0, "op": 50, "st": 0, "bm": 0}, {"ddd": 0, "ind": 12, "ty": 4, "nm": "Book down", "parent": 2, "tt": 2, "sr": 1, "ks": {"o": {"a": 0, "k": 100, "ix": 11}, "r": {"a": 0, "k": 0, "ix": 10}, "p": {"a": 0, "k": [50, 50, 0], "ix": 2}, "a": {"a": 0, "k": [0, 0, 0], "ix": 1}, "s": {"a": 0, "k": [100, 100, 100], "ix": 6}}, "ao": 0, "shapes": [{"ty": "gr", "it": [{"ind": 0, "ty": "sh", "ix": 1, "ks": {"a": 0, "k": {"i": [[0, 0], [-7.481, 7.486], [-10.579, 0], [0, 0], [0, 0], [0, 0]], "o": [[0, -10.577], [7.48, -7.479], [58.204, 0], [0, 0], [0, 0], [0, 0]], "v": [[0, 146.257], [11.683, 118.05], [39.888, 106.369], [199.441, 106.369], [199.441, 163.553], [0, 163.553]], "c": true}, "ix": 2}, "nm": "Path 1", "mn": "ADBE Vector Shape - Group", "hd": false}, {"ty": "st", "c": {"a": 0, "k": [0, 0, 0, 1], "ix": 3}, "o": {"a": 0, "k": 100, "ix": 4}, "w": {"a": 0, "k": 16, "ix": 5, "x": "var $bm_rt;\n$bm_rt = thisComp.layer('Main Stroke Width Color Ctrl').effect(' Stroke Width')('Slider');"}, "lc": 2, "lj": 2, "bm": 0, "nm": "Stroke 1", "mn": "ADBE Vector Graphic - Stroke", "hd": false}, {"ty": "tr", "p": {"a": 0, "k": [0, 0], "ix": 2}, "a": {"a": 0, "k": [0, 0], "ix": 1}, "s": {"a": 0, "k": [100, 100], "ix": 3}, "r": {"a": 0, "k": 0, "ix": 6}, "o": {"a": 0, "k": 100, "ix": 7}, "sk": {"a": 0, "k": 0, "ix": 4}, "sa": {"a": 0, "k": 0, "ix": 5}, "nm": "Transform"}], "nm": "Group 1", "np": 2, "cix": 2, "bm": 0, "ix": 1, "mn": "ADBE Vector Group", "hd": false}, {"ty": "gr", "it": [{"ind": 0, "ty": "sh", "ix": 1, "ks": {"a": 0, "k": {"i": [[0, 0], [7.481, 7.486], [10.579, 0], [0, 0], [0, 0], [0, 0]], "o": [[0, -10.577], [-7.48, -7.479], [-58.204, 0], [0, 0], [0, 0], [0, 0]], "v": [[0, 146.257], [-11.683, 118.05], [-39.888, 106.369], [-199.441, 106.369], [-199.441, 163.553], [0, 163.553]], "c": true}, "ix": 2}, "nm": "Path 1", "mn": "ADBE Vector Shape - Group", "hd": false}, {"ty": "st", "c": {"a": 0, "k": [0, 0, 0, 1], "ix": 3}, "o": {"a": 0, "k": 100, "ix": 4}, "w": {"a": 0, "k": 16, "ix": 5, "x": "var $bm_rt;\n$bm_rt = thisComp.layer('Main Stroke Width Color Ctrl').effect(' Stroke Width')('Slider');"}, "lc": 2, "lj": 2, "bm": 0, "nm": "Stroke 1", "mn": "ADBE Vector Graphic - Stroke", "hd": false}, {"ty": "tr", "p": {"a": 0, "k": [0, 0], "ix": 2}, "a": {"a": 0, "k": [0, 0], "ix": 1}, "s": {"a": 0, "k": [100, 100], "ix": 3}, "r": {"a": 0, "k": 0, "ix": 6}, "o": {"a": 0, "k": 100, "ix": 7}, "sk": {"a": 0, "k": 0, "ix": 4}, "sa": {"a": 0, "k": 0, "ix": 5}, "nm": "Transform"}], "nm": "Group 2", "np": 2, "cix": 2, "bm": 0, "ix": 2, "mn": "ADBE Vector Group", "hd": false}], "ip": 0, "op": 50, "st": 0, "bm": 0}, {"ddd": 0, "ind": 13, "ty": 4, "nm": "Page 3 mask", "parent": 2, "td": 1, "sr": 1, "ks": {"o": {"a": 0, "k": 100, "ix": 11}, "r": {"a": 0, "k": 0, "ix": 10}, "p": {"a": 0, "k": [50, 50, 0], "ix": 2}, "a": {"a": 0, "k": [0, 0, 0], "ix": 1}, "s": {"a": 0, "k": [100, 100, 100], "ix": 6}}, "ao": 0, "shapes": [{"ty": "gr", "it": [{"ind": 0, "ty": "sh", "ix": 1, "ks": {"a": 1, "k": [{"i": {"x": 0.833, "y": 1}, "o": {"x": 0.41, "y": 0}, "t": 12, "s": [{"i": [[0, 0], [0, 0], [7.48, -7.479], [0, -10.577], [0, 0], [0, 0], [-7.481, 7.486], [-10.579, 0], [0, 0]], "o": [[0, 0], [-10.579, 0], [-7.481, 7.486], [0, 0], [0, 0], [0, -10.577], [7.48, -7.479], [58.204, 0], [0, 0]], "v": [[199.441, -159.553], [39.888, -159.553], [11.683, -147.872], [0, -119.665], [0, 159.553], [0, 146.257], [11.683, 118.05], [39.888, 106.369], [199.441, 106.369]], "c": true}]}, {"i": {"x": 0.833, "y": 0.833}, "o": {"x": 0.41, "y": 0}, "t": 12.064, "s": [{"i": [[0, 0], [0, 0], [7.48, -7.479], [0, -10.577], [0, 0], [0, 0], [-7.481, 7.486], [-10.579, 0], [0, 0]], "o": [[0, 0], [-10.579, 0], [-7.481, 7.486], [0, 0], [0, 0], [0, -10.577], [7.48, -7.479], [58.204, 0], [0, 0]], "v": [[199.441, -159.553], [39.888, -159.553], [11.683, -147.872], [0, -119.665], [0, 159.553], [0, 146.257], [11.683, 118.05], [39.888, 106.369], [199.441, 106.369]], "c": true}]}, {"i": {"x": 0.59, "y": 1}, "o": {"x": 0.167, "y": 0.167}, "t": 20, "s": [{"i": [[0, 0], [0, 0], [2.948, -7.48], [0, -10.577], [0, 0], [0, 0], [-2.947, 7.485], [-4.168, 0], [0, 0]], "o": [[0, 0], [-4.168, 0], [-2.948, 7.486], [0, 0], [0, 0], [0, -10.577], [2.947, -7.479], [22.933, 0], [0, 0]], "v": [[78.583, -186.55], [15.717, -159.553], [4.603, -147.872], [0, -119.665], [0, 159.553], [0, 146.257], [4.603, 118.05], [15.717, 106.369], [78.583, 133.365]], "c": true}]}, {"t": 27.7900390625, "s": [{"i": [[0, 0], [0, 0], [-7.461, -7.482], [0, -10.577], [0, 0], [0, 0], [7.467, 7.483], [10.556, 0], [0, 0]], "o": [[0, 0], [10.556, 0], [7.465, 7.486], [0, 0], [0, 0], [0, -10.577], [-7.464, -7.479], [-58.075, 0], [0, 0]], "v": [[-199, -159.553], [-39.8, -159.553], [-11.657, -147.872], [0, -119.665], [0, 159.553], [0, 146.257], [-11.657, 118.05], [-39.8, 106.369], [-199, 106.369]], "c": true}]}], "ix": 2}, "nm": "Path 1", "mn": "ADBE Vector Shape - Group", "hd": false}, {"ty": "st", "c": {"a": 0, "k": [0, 0, 0, 1], "ix": 3}, "o": {"a": 0, "k": 100, "ix": 4}, "w": {"a": 0, "k": 16, "ix": 5, "x": "var $bm_rt;\n$bm_rt = thisComp.layer('Main Stroke Width Color Ctrl').effect(' Stroke Width')('Slider');"}, "lc": 2, "lj": 2, "bm": 0, "nm": "Stroke 1", "mn": "ADBE Vector Graphic - Stroke", "hd": false}, {"ty": "tr", "p": {"a": 0, "k": [0, 0], "ix": 2}, "a": {"a": 0, "k": [0, 0], "ix": 1}, "s": {"a": 0, "k": [100, 100], "ix": 3}, "r": {"a": 0, "k": 0, "ix": 6}, "o": {"a": 0, "k": 100, "ix": 7}, "sk": {"a": 0, "k": 0, "ix": 4}, "sa": {"a": 0, "k": 0, "ix": 5}, "nm": "Transform"}], "nm": "Group 4", "np": 2, "cix": 2, "bm": 0, "ix": 1, "mn": "ADBE Vector Group", "hd": false}, {"ty": "fl", "c": {"a": 0, "k": [1, 0, 0, 1], "ix": 4}, "o": {"a": 0, "k": 100, "ix": 5}, "r": 1, "bm": 0, "nm": "Fill 1", "mn": "ADBE Vector Graphic - Fill", "hd": false}], "ip": 0, "op": 50, "st": 0, "bm": 0}, {"ddd": 0, "ind": 14, "ty": 4, "nm": "Page 4 line", "parent": 2, "tt": 1, "sr": 1, "ks": {"o": {"a": 0, "k": 100, "ix": 11}, "r": {"a": 0, "k": 0, "ix": 10}, "p": {"a": 0, "k": [50, 50, 0], "ix": 2}, "a": {"a": 0, "k": [0, 0, 0], "ix": 1}, "s": {"a": 0, "k": [100, 100, 100], "ix": 6}}, "ao": 0, "shapes": [{"ty": "gr", "it": [{"ind": 0, "ty": "sh", "ix": 1, "ks": {"a": 1, "k": [{"i": {"x": 0.59, "y": 1}, "o": {"x": 0.41, "y": 0}, "t": 18, "s": [{"i": [[0, 0], [0, 0], [0, 0], [0, 0]], "o": [[0, 0], [0, 0], [0, 0], [0, 0]], "v": [[0, -53.184], [0, -53.184], [0, -106.369], [0, -106.369]], "c": true}]}, {"t": 29, "s": [{"i": [[0, 0], [0, 0], [0, 0], [0, 0]], "o": [[0, 0], [0, 0], [0, 0], [0, 0]], "v": [[-53.184, -53.184], [-146.257, -53.184], [-146.257, -106.369], [-53.184, -106.369]], "c": true}]}], "ix": 2}, "nm": "Path 1", "mn": "ADBE Vector Shape - Group", "hd": false}, {"ty": "st", "c": {"a": 0, "k": [0, 0, 0, 1], "ix": 3}, "o": {"a": 0, "k": 100, "ix": 4}, "w": {"a": 0, "k": 16, "ix": 5, "x": "var $bm_rt;\n$bm_rt = thisComp.layer('Main Stroke Width Color Ctrl').effect(' Stroke Width')('Slider');"}, "lc": 2, "lj": 2, "bm": 0, "nm": "Stroke 1", "mn": "ADBE Vector Graphic - Stroke", "hd": false}, {"ty": "tr", "p": {"a": 0, "k": [0, 0], "ix": 2}, "a": {"a": 0, "k": [0, 0], "ix": 1}, "s": {"a": 0, "k": [100, 100], "ix": 3}, "r": {"a": 0, "k": 0, "ix": 6}, "o": {"a": 0, "k": 100, "ix": 7}, "sk": {"a": 0, "k": 0, "ix": 4}, "sa": {"a": 0, "k": 0, "ix": 5}, "nm": "Transform"}], "nm": "Group 1", "np": 2, "cix": 2, "bm": 0, "ix": 1, "mn": "ADBE Vector Group", "hd": false}, {"ty": "gr", "it": [{"ind": 0, "ty": "sh", "ix": 1, "ks": {"a": 1, "k": [{"i": {"x": 0.59, "y": 1}, "o": {"x": 0.41, "y": 0}, "t": 18, "s": [{"i": [[0, 0], [0, 0]], "o": [[0, 0], [0, 0]], "v": [[0, 53.184], [0, 53.184]], "c": false}]}, {"t": 29, "s": [{"i": [[0, 0], [0, 0]], "o": [[0, 0], [0, 0]], "v": [[-146.257, 53.184], [-53.184, 53.184]], "c": false}]}], "ix": 2}, "nm": "Path 1", "mn": "ADBE Vector Shape - Group", "hd": false}, {"ty": "st", "c": {"a": 0, "k": [0, 0, 0, 1], "ix": 3}, "o": {"a": 0, "k": 100, "ix": 4}, "w": {"a": 0, "k": 16, "ix": 5, "x": "var $bm_rt;\n$bm_rt = thisComp.layer('Main Stroke Width Color Ctrl').effect(' Stroke Width')('Slider');"}, "lc": 2, "lj": 2, "bm": 0, "nm": "Stroke 1", "mn": "ADBE Vector Graphic - Stroke", "hd": false}, {"ty": "tr", "p": {"a": 0, "k": [0, 0], "ix": 2}, "a": {"a": 0, "k": [0, 0], "ix": 1}, "s": {"a": 0, "k": [100, 100], "ix": 3}, "r": {"a": 0, "k": 0, "ix": 6}, "o": {"a": 0, "k": 100, "ix": 7}, "sk": {"a": 0, "k": 0, "ix": 4}, "sa": {"a": 0, "k": 0, "ix": 5}, "nm": "Transform"}], "nm": "Group 2", "np": 2, "cix": 2, "bm": 0, "ix": 2, "mn": "ADBE Vector Group", "hd": false}, {"ty": "gr", "it": [{"ind": 0, "ty": "sh", "ix": 1, "ks": {"a": 1, "k": [{"i": {"x": 0.59, "y": 1}, "o": {"x": 0.41, "y": 0}, "t": 18, "s": [{"i": [[0, 0], [0, 0]], "o": [[0, 0], [0, 0]], "v": [[0, 0], [0, 0]], "c": false}]}, {"t": 29, "s": [{"i": [[0, 0], [0, 0]], "o": [[0, 0], [0, 0]], "v": [[-146.257, 0], [-53.184, 0]], "c": false}]}], "ix": 2}, "nm": "Path 1", "mn": "ADBE Vector Shape - Group", "hd": false}, {"ty": "st", "c": {"a": 0, "k": [0.20000000298, 0.800000011921, 0.800000011921, 1], "ix": 3}, "o": {"a": 0, "k": 100, "ix": 4}, "w": {"a": 0, "k": 16, "ix": 5, "x": "var $bm_rt;\n$bm_rt = thisComp.layer('Main Stroke Width Color Ctrl').effect(' Stroke Width')('Slider');"}, "lc": 2, "lj": 2, "bm": 0, "nm": "Stroke 1", "mn": "ADBE Vector Graphic - Stroke", "hd": false}, {"ty": "tr", "p": {"a": 0, "k": [0, 0], "ix": 2}, "a": {"a": 0, "k": [0, 0], "ix": 1}, "s": {"a": 0, "k": [100, 100], "ix": 3}, "r": {"a": 0, "k": 0, "ix": 6}, "o": {"a": 0, "k": 100, "ix": 7}, "sk": {"a": 0, "k": 0, "ix": 4}, "sa": {"a": 0, "k": 0, "ix": 5}, "nm": "Transform"}], "nm": "Group 3", "np": 2, "cix": 2, "bm": 0, "ix": 3, "mn": "ADBE Vector Group", "hd": false}, {"ty": "gr", "it": [{"ind": 0, "ty": "sh", "ix": 1, "ks": {"a": 0, "k": {"i": [[0, 0], [0, 0], [-7.48, -7.479], [0, -10.577], [0, 0], [0, 0], [7.481, 7.486], [10.579, 0], [0, 0]], "o": [[0, 0], [10.579, 0], [7.481, 7.486], [0, 0], [0, 0], [0, -10.577], [-7.48, -7.479], [-58.204, 0], [0, 0]], "v": [[-199.441, -159.553], [-39.888, -159.553], [-11.683, -147.872], [0, -119.665], [0, 159.553], [0, 146.257], [-11.683, 118.05], [-39.888, 106.369], [-199.441, 106.369]], "c": true}, "ix": 2}, "nm": "Path 1", "mn": "ADBE Vector Shape - Group", "hd": false}, {"ty": "st", "c": {"a": 0, "k": [0, 0, 0, 1], "ix": 3}, "o": {"a": 0, "k": 100, "ix": 4}, "w": {"a": 0, "k": 16, "ix": 5, "x": "var $bm_rt;\n$bm_rt = thisComp.layer('Main Stroke Width Color Ctrl').effect(' Stroke Width')('Slider');"}, "lc": 2, "lj": 2, "bm": 0, "nm": "Stroke 1", "mn": "ADBE Vector Graphic - Stroke", "hd": false}, {"ty": "tr", "p": {"a": 0, "k": [0, 0], "ix": 2}, "a": {"a": 0, "k": [0, 0], "ix": 1}, "s": {"a": 0, "k": [100, 100], "ix": 3}, "r": {"a": 0, "k": 0, "ix": 6}, "o": {"a": 0, "k": 100, "ix": 7}, "sk": {"a": 0, "k": 0, "ix": 4}, "sa": {"a": 0, "k": 0, "ix": 5}, "nm": "Transform"}], "nm": "Group 4", "np": 2, "cix": 2, "bm": 0, "ix": 4, "mn": "ADBE Vector Group", "hd": false}], "ip": 0, "op": 50, "st": 0, "bm": 0}, {"ddd": 0, "ind": 15, "ty": 4, "nm": "page 3 mask", "parent": 2, "td": 1, "sr": 1, "ks": {"o": {"a": 0, "k": 100, "ix": 11}, "r": {"a": 0, "k": 0, "ix": 10}, "p": {"a": 0, "k": [50, 50, 0], "ix": 2}, "a": {"a": 0, "k": [0, 0, 0], "ix": 1}, "s": {"a": 0, "k": [100, 100, 100], "ix": 6}}, "ao": 0, "shapes": [{"ty": "gr", "it": [{"ind": 0, "ty": "sh", "ix": 1, "ks": {"a": 1, "k": [{"i": {"x": 0.833, "y": 1}, "o": {"x": 0.41, "y": 0}, "t": 12, "s": [{"i": [[0, 0], [0, 0], [7.48, -7.479], [0, -10.577], [0, 0], [0, 0], [-7.481, 7.486], [-10.579, 0], [0, 0]], "o": [[0, 0], [-10.579, 0], [-7.481, 7.486], [0, 0], [0, 0], [0, -10.577], [7.48, -7.479], [58.204, 0], [0, 0]], "v": [[199.441, -159.553], [39.888, -159.553], [11.683, -147.872], [0, -119.665], [0, 159.553], [0, 146.257], [11.683, 118.05], [39.888, 106.369], [199.441, 106.369]], "c": true}]}, {"i": {"x": 0.833, "y": 0.833}, "o": {"x": 0.41, "y": 0}, "t": 12.064, "s": [{"i": [[0, 0], [0, 0], [7.48, -7.479], [0, -10.577], [0, 0], [0, 0], [-7.481, 7.486], [-10.579, 0], [0, 0]], "o": [[0, 0], [-10.579, 0], [-7.481, 7.486], [0, 0], [0, 0], [0, -10.577], [7.48, -7.479], [58.204, 0], [0, 0]], "v": [[199.441, -159.553], [39.888, -159.553], [11.683, -147.872], [0, -119.665], [0, 159.553], [0, 146.257], [11.683, 118.05], [39.888, 106.369], [199.441, 106.369]], "c": true}]}, {"i": {"x": 0.59, "y": 1}, "o": {"x": 0.167, "y": 0.167}, "t": 20, "s": [{"i": [[0, 0], [0, 0], [2.948, -7.48], [0, -10.577], [0, 0], [0, 0], [-2.947, 7.485], [-4.168, 0], [0, 0]], "o": [[0, 0], [-4.168, 0], [-2.948, 7.486], [0, 0], [0, 0], [0, -10.577], [2.947, -7.479], [22.933, 0], [0, 0]], "v": [[78.583, -186.55], [15.717, -159.553], [4.603, -147.872], [0, -119.665], [0, 159.553], [0, 146.257], [4.603, 118.05], [15.717, 106.369], [78.583, 133.365]], "c": true}]}, {"t": 27.7900390625, "s": [{"i": [[0, 0], [0, 0], [-7.461, -7.482], [0, -10.577], [0, 0], [0, 0], [7.467, 7.483], [10.556, 0], [0, 0]], "o": [[0, 0], [10.556, 0], [7.465, 7.486], [0, 0], [0, 0], [0, -10.577], [-7.464, -7.479], [-58.075, 0], [0, 0]], "v": [[-199, -159.553], [-39.8, -159.553], [-11.657, -147.872], [0, -119.665], [0, 159.553], [0, 146.257], [-11.657, 118.05], [-39.8, 106.369], [-199, 106.369]], "c": true}]}], "ix": 2}, "nm": "Path 1", "mn": "ADBE Vector Shape - Group", "hd": false}, {"ty": "st", "c": {"a": 0, "k": [0, 0, 0, 1], "ix": 3}, "o": {"a": 0, "k": 100, "ix": 4}, "w": {"a": 0, "k": 16, "ix": 5, "x": "var $bm_rt;\n$bm_rt = thisComp.layer('Main Stroke Width Color Ctrl').effect(' Stroke Width')('Slider');"}, "lc": 2, "lj": 2, "bm": 0, "nm": "Stroke 1", "mn": "ADBE Vector Graphic - Stroke", "hd": false}, {"ty": "tr", "p": {"a": 0, "k": [0, 0], "ix": 2}, "a": {"a": 0, "k": [0, 0], "ix": 1}, "s": {"a": 0, "k": [100, 100], "ix": 3}, "r": {"a": 0, "k": 0, "ix": 6}, "o": {"a": 0, "k": 100, "ix": 7}, "sk": {"a": 0, "k": 0, "ix": 4}, "sa": {"a": 0, "k": 0, "ix": 5}, "nm": "Transform"}], "nm": "Group 4", "np": 2, "cix": 2, "bm": 0, "ix": 1, "mn": "ADBE Vector Group", "hd": false}, {"ty": "fl", "c": {"a": 0, "k": [1, 0, 0, 1], "ix": 4}, "o": {"a": 0, "k": 100, "ix": 5}, "r": 1, "bm": 0, "nm": "Fill 1", "mn": "ADBE Vector Graphic - Fill", "hd": false}], "ip": 0, "op": 50, "st": 0, "bm": 0}, {"ddd": 0, "ind": 16, "ty": 4, "nm": "Page 5", "parent": 2, "tt": 2, "sr": 1, "ks": {"o": {"a": 0, "k": 100, "ix": 11}, "r": {"a": 0, "k": 0, "ix": 10}, "p": {"a": 0, "k": [50, 50, 0], "ix": 2}, "a": {"a": 0, "k": [0, 0, 0], "ix": 1}, "s": {"a": 0, "k": [100, 100, 100], "ix": 6}}, "ao": 0, "shapes": [{"ty": "gr", "it": [{"ind": 0, "ty": "sh", "ix": 1, "ks": {"a": 0, "k": {"i": [[0, 0], [0, 0], [0, 0], [0, 0]], "o": [[0, 0], [0, 0], [0, 0], [0, 0]], "v": [[146.257, -53.184], [53.184, -53.184], [53.184, -106.369], [146.257, -106.369]], "c": true}, "ix": 2}, "nm": "Path 1", "mn": "ADBE Vector Shape - Group", "hd": false}, {"ty": "st", "c": {"a": 0, "k": [0.20000000298, 0.800000011921, 0.800000011921, 1], "ix": 3}, "o": {"a": 0, "k": 100, "ix": 4}, "w": {"a": 0, "k": 16, "ix": 5, "x": "var $bm_rt;\n$bm_rt = thisComp.layer('Main Stroke Width Color Ctrl').effect(' Stroke Width')('Slider');"}, "lc": 2, "lj": 2, "bm": 0, "nm": "Stroke 1", "mn": "ADBE Vector Graphic - Stroke", "hd": false}, {"ty": "tr", "p": {"a": 0, "k": [0, 0], "ix": 2}, "a": {"a": 0, "k": [0, 0], "ix": 1}, "s": {"a": 0, "k": [100, 100], "ix": 3}, "r": {"a": 0, "k": 0, "ix": 6}, "o": {"a": 0, "k": 100, "ix": 7}, "sk": {"a": 0, "k": 0, "ix": 4}, "sa": {"a": 0, "k": 0, "ix": 5}, "nm": "Transform"}], "nm": "Group 1", "np": 2, "cix": 2, "bm": 0, "ix": 1, "mn": "ADBE Vector Group", "hd": false}, {"ty": "gr", "it": [{"ind": 0, "ty": "sh", "ix": 1, "ks": {"a": 0, "k": {"i": [[0, 0], [0, 0]], "o": [[0, 0], [0, 0]], "v": [[146.257, 53.184], [53.184, 53.184]], "c": false}, "ix": 2}, "nm": "Path 1", "mn": "ADBE Vector Shape - Group", "hd": false}, {"ty": "st", "c": {"a": 0, "k": [0.20000000298, 0.800000011921, 0.800000011921, 1], "ix": 3}, "o": {"a": 0, "k": 100, "ix": 4}, "w": {"a": 0, "k": 16, "ix": 5, "x": "var $bm_rt;\n$bm_rt = thisComp.layer('Main Stroke Width Color Ctrl').effect(' Stroke Width')('Slider');"}, "lc": 2, "lj": 2, "bm": 0, "nm": "Stroke 1", "mn": "ADBE Vector Graphic - Stroke", "hd": false}, {"ty": "tr", "p": {"a": 0, "k": [0, 0], "ix": 2}, "a": {"a": 0, "k": [0, 0], "ix": 1}, "s": {"a": 0, "k": [100, 100], "ix": 3}, "r": {"a": 0, "k": 0, "ix": 6}, "o": {"a": 0, "k": 100, "ix": 7}, "sk": {"a": 0, "k": 0, "ix": 4}, "sa": {"a": 0, "k": 0, "ix": 5}, "nm": "Transform"}], "nm": "Group 2", "np": 2, "cix": 2, "bm": 0, "ix": 2, "mn": "ADBE Vector Group", "hd": false}, {"ty": "gr", "it": [{"ind": 0, "ty": "sh", "ix": 1, "ks": {"a": 0, "k": {"i": [[0, 0], [0, 0]], "o": [[0, 0], [0, 0]], "v": [[146.257, 0], [53.184, 0]], "c": false}, "ix": 2}, "nm": "Path 1", "mn": "ADBE Vector Shape - Group", "hd": false}, {"ty": "st", "c": {"a": 0, "k": [0, 0, 0, 1], "ix": 3}, "o": {"a": 0, "k": 100, "ix": 4}, "w": {"a": 0, "k": 16, "ix": 5, "x": "var $bm_rt;\n$bm_rt = thisComp.layer('Main Stroke Width Color Ctrl').effect(' Stroke Width')('Slider');"}, "lc": 2, "lj": 2, "bm": 0, "nm": "Stroke 1", "mn": "ADBE Vector Graphic - Stroke", "hd": false}, {"ty": "tr", "p": {"a": 0, "k": [0, 0], "ix": 2}, "a": {"a": 0, "k": [0, 0], "ix": 1}, "s": {"a": 0, "k": [100, 100], "ix": 3}, "r": {"a": 0, "k": 0, "ix": 6}, "o": {"a": 0, "k": 100, "ix": 7}, "sk": {"a": 0, "k": 0, "ix": 4}, "sa": {"a": 0, "k": 0, "ix": 5}, "nm": "Transform"}], "nm": "Group 3", "np": 2, "cix": 2, "bm": 0, "ix": 3, "mn": "ADBE Vector Group", "hd": false}, {"ty": "gr", "it": [{"ind": 0, "ty": "sh", "ix": 1, "ks": {"a": 0, "k": {"i": [[0, 0], [0, 0], [7.48, -7.479], [0, -10.577], [0, 0], [0, 0], [-7.481, 7.486], [-10.579, 0], [0, 0]], "o": [[0, 0], [-10.579, 0], [-7.481, 7.486], [0, 0], [0, 0], [0, -10.577], [7.48, -7.479], [58.204, 0], [0, 0]], "v": [[199.441, -159.553], [39.888, -159.553], [11.683, -147.872], [0, -119.665], [0, 159.553], [0, 146.257], [11.683, 118.05], [39.888, 106.369], [199.441, 106.369]], "c": true}, "ix": 2}, "nm": "Path 1", "mn": "ADBE Vector Shape - Group", "hd": false}, {"ty": "st", "c": {"a": 0, "k": [0, 0, 0, 1], "ix": 3}, "o": {"a": 0, "k": 100, "ix": 4}, "w": {"a": 0, "k": 16, "ix": 5, "x": "var $bm_rt;\n$bm_rt = thisComp.layer('Main Stroke Width Color Ctrl').effect(' Stroke Width')('Slider');"}, "lc": 2, "lj": 2, "bm": 0, "nm": "Stroke 1", "mn": "ADBE Vector Graphic - Stroke", "hd": false}, {"ty": "tr", "p": {"a": 0, "k": [0, 0], "ix": 2}, "a": {"a": 0, "k": [0, 0], "ix": 1}, "s": {"a": 0, "k": [100, 100], "ix": 3}, "r": {"a": 0, "k": 0, "ix": 6}, "o": {"a": 0, "k": 100, "ix": 7}, "sk": {"a": 0, "k": 0, "ix": 4}, "sa": {"a": 0, "k": 0, "ix": 5}, "nm": "Transform"}], "nm": "Group 4", "np": 2, "cix": 2, "bm": 0, "ix": 4, "mn": "ADBE Vector Group", "hd": false}], "ip": 0, "op": 50, "st": 0, "bm": 0}, {"ddd": 0, "ind": 17, "ty": 3, "nm": "Zero |  Stroke Width Color Ctrl", "sr": 1, "ks": {"o": {"a": 0, "k": 0, "ix": 11}, "r": {"a": 0, "k": 0, "ix": 10}, "p": {"a": 0, "k": [250, 250, 0], "ix": 2}, "a": {"a": 0, "k": [0, 0, 0], "ix": 1}, "s": {"a": 0, "k": [100, 100, 100], "ix": 6}}, "ao": 0, "ip": 0, "op": 50, "st": 0, "bm": 0}], "markers": []}